<?xml version="1.0" encoding="UTF-8"?><bookmarks><file xmlns="http://www.w3.org/1999/xhtml" absolutepath="/MATLAB Drive/main.m"></file><file xmlns="http://www.w3.org/1999/xhtml" absolutepath="/MATLAB Drive/computeTorque.m"></file><file xmlns="http://www.w3.org/1999/xhtml" absolutepath="/MATLAB Drive/fatigueIndex.m"></file><file xmlns="http://www.w3.org/1999/xhtml" absolutepath="/MATLAB Drive/README.md"></file><file xmlns="http://www.w3.org/1999/xhtml" absolutepath="/MATLAB Drive/REER_GUI.mlapp"></file><file xmlns="http://www.w3.org/1999/xhtml" absolutepath="/MATLAB Drive/REER_GUI_exported.m"></file></bookmarks>