<?xml version="1.0" encoding="UTF-8"?>
<Editor version="1.0">
   <File absPath="/MATLAB Drive" lastWrittenTime="1767643534705" name="README.md">
      <CodeFolds version="1.0"/>
   </File>
   <File absPath="/MATLAB Drive" lastWrittenTime="1767643806555" name="main.m">
      <CodeFolds version="1.0"/>
   </File>
   <File absPath="" lastWrittenTime="1767644574037" name="app2.mlapp">
      <CodeFolds version="1.0">
         <FoldType name="properties">
            <Fold endOffset="163" startOffset="93" state="collapsed"/>
         </FoldType>
         <FoldType name="method">
            <Fold endOffset="424" startOffset="278" state="collapsed"/>
         </FoldType>
      </CodeFolds>
   </File>
   <File absPath="" lastWrittenTime="1767644844957" name="app1.mlapp">
      <CodeFolds version="1.0">
         <FoldType name="properties">
            <Fold endOffset="163" startOffset="93" state="collapsed"/>
         </FoldType>
         <FoldType name="method">
            <Fold endOffset="653" startOffset="278" state="collapsed"/>
            <Fold endOffset="1033" startOffset="759" state="collapsed"/>
            <Fold endOffset="1208" startOffset="1093" state="collapsed"/>
         </FoldType>
      </CodeFolds>
   </File>
   <File absPath="/MATLAB Drive" lastWrittenTime="1767645482494" name="fatigueIndex.m">
      <CodeFolds version="1.0"/>
   </File>
   <File absPath="/MATLAB Drive" lastWrittenTime="1767645572749" name="computeTorque.m">
      <CodeFolds version="1.0"/>
   </File>
   <File absPath="/MATLAB Drive" lastWrittenTime="1767646717344" name="REER_GUI.mlapp">
      <CodeFolds version="1.0">
         <FoldType name="method">
            <Fold endOffset="5758" startOffset="3114" state="collapsed"/>
            <Fold endOffset="6142" startOffset="5864" state="collapsed"/>
            <Fold endOffset="6317" startOffset="6202" state="collapsed"/>
         </FoldType>
      </CodeFolds>
   </File>
</Editor>